cycle_rounded,chaetoceros,compl_guinardia_dactyliosolen,compl_rhizosolenia_proboscia,coscinodiscus,detritos,guinardia_striata,hemidiscus,rhizosolenia_robusta,sombra
2021-06-01T00:00:00Z,4,16,16,379,34,8,31,25,57
2021-06-01T01:00:00Z,5,23,6,348,23,18,35,15,45
2021-06-01T02:00:00Z,18,29,30,1126,48,38,82,74,149
2021-06-01T03:00:00Z,21,54,24,997,41,20,91,26,98
2021-06-01T04:00:00Z,12,47,34,948,38,19,69,33,110
2021-06-01T05:00:00Z,16,19,19,532,15,7,47,22,86
2021-06-01T06:00:00Z,24,87,21,1394,35,20,99,45,123
2021-06-01T07:00:00Z,18,37,40,372,28,19,87,30,96
2021-06-01T08:00:00Z,14,39,51,954,15,16,96,24,110
2021-06-01T09:00:00Z,13,18,35,695,4,12,58,14,75
2021-06-01T10:00:00Z,13,24,57,1803,41,24,129,27,153
2021-06-01T11:00:00Z,24,37,56,1989,31,18,172,37,160
2021-06-01T12:00:00Z,29,34,38,1412,41,23,83,46,113
2021-06-01T13:00:00Z,11,12,11,653,21,9,35,25,57
2021-06-01T14:00:00Z,31,44,40,1215,34,12,50,31,78
2021-06-01T15:00:00Z,18,19,22,923,21,10,58,39,104
2021-06-01T16:00:00Z,16,29,22,1407,34,6,67,48,107
2021-06-01T17:00:00Z,28,23,34,2284,47,16,96,44,184
2021-06-01T18:00:00Z,25,40,47,1460,42,20,86,53,186
2021-06-01T19:00:00Z,23,36,20,635,33,9,39,41,132
2021-06-01T20:00:00Z,11,41,24,792,40,20,44,47,218
2021-06-01T21:00:00Z,9,13,26,640,26,15,30,22,110
2021-06-01T22:00:00Z,10,19,34,1077,31,31,68,45,247
2021-06-01T23:00:00Z,8,25,30,900,43,25,47,50,268
2021-06-02T00:00:00Z,11,19,23,802,27,23,60,32,231
2021-06-02T01:00:00Z,3,11,12,260,8,4,29,13,116
2021-06-02T02:00:00Z,15,25,21,364,22,21,30,31,203
2021-06-02T03:00:00Z,12,19,28,390,33,22,39,30,207
2021-06-02T04:00:00Z,4,17,56,154,26,8,31,35,138
2021-06-02T05:00:00Z,12,38,87,766,59,35,99,86,294
2021-06-02T06:00:00Z,18,51,68,881,75,28,118,83,319
2021-06-02T07:00:00Z,16,39,37,1452,51,21,111,69,232
2021-06-02T08:00:00Z,27,39,51,1506,97,50,143,123,336
2021-06-02T09:00:00Z,8,20,20,758,25,7,67,21,126
2021-06-02T10:00:00Z,15,35,91,1441,33,9,132,49,201
2021-06-02T11:00:00Z,18,20,52,954,24,15,84,47,202
2021-06-02T12:00:00Z,7,24,49,731,22,12,70,32,142
2021-06-02T13:00:00Z,11,14,30,293,5,2,33,16,71
2021-06-02T14:00:00Z,5,11,78,547,21,8,87,22,76
2021-06-02T15:00:00Z,12,17,60,669,17,16,66,25,80
2021-06-02T16:00:00Z,13,14,54,728,39,10,69,44,74
2021-06-02T17:00:00Z,16,27,56,956,29,16,78,48,96
2021-06-02T18:00:00Z,11,19,31,906,21,9,68,38,68
2021-06-02T19:00:00Z,91,33,32,781,39,15,61,33,76
2021-06-02T20:00:00Z,3,12,14,193,11,2,22,16,19
2021-06-02T21:00:00Z,17,26,32,380,24,11,43,38,67
2021-06-02T22:00:00Z,13,17,28,444,32,18,52,40,66
2021-06-02T23:00:00Z,9,14,73,763,42,31,83,60,93
2021-06-03T00:00:00Z,4,4,33,333,26,24,51,21,38
2021-06-03T01:00:00Z,5,19,56,510,48,35,67,38,81
2021-06-03T02:00:00Z,5,12,53,609,41,31,90,32,93
2021-06-03T03:00:00Z,11,10,13,146,18,3,33,31,40
2021-06-03T04:00:00Z,7,17,35,316,44,12,60,33,58
2021-06-03T05:00:00Z,5,16,54,465,47,17,74,34,59
2021-06-03T06:00:00Z,9,20,55,596,34,11,113,36,73
2021-06-03T07:00:00Z,20,30,54,806,38,13,81,47,100
2021-06-03T08:00:00Z,17,18,61,953,31,19,126,41,103
2021-06-03T09:00:00Z,28,29,73,750,35,16,93,39,89
2021-06-03T10:00:00Z,18,26,65,787,21,14,112,38,68
2021-06-03T11:00:00Z,11,11,37,574,12,7,68,28,41
2021-06-03T12:00:00Z,11,29,63,1111,32,8,142,39,113
2021-06-03T13:00:00Z,23,24,69,820,23,12,107,32,85
2021-06-03T14:00:00Z,7,11,41,344,11,7,48,14,34
2021-06-03T15:00:00Z,,,,,,,,,
2021-06-03T16:00:00Z,,,,,,,,,
2021-06-03T17:00:00Z,16,11,34,392,9,5,35,15,38
2021-06-03T18:00:00Z,21,31,70,768,22,20,65,47,79
2021-06-03T19:00:00Z,30,30,42,520,33,10,59,48,73
2021-06-03T20:00:00Z,71,33,41,918,43,9,61,34,80
2021-06-03T21:00:00Z,46,54,38,651,53,15,48,46,95
2021-06-03T22:00:00Z,32,32,41,642,42,11,71,27,90
2021-06-03T23:00:00Z,30,27,30,702,28,14,58,38,107
2021-06-04T00:00:00Z,25,24,29,421,28,9,45,30,92
2021-06-04T01:00:00Z,16,20,32,666,32,14,51,31,93
2021-06-04T02:00:00Z,16,14,20,367,15,5,36,7,69
2021-06-04T03:00:00Z,10,26,37,624,20,9,47,30,132
2021-06-04T04:00:00Z,12,25,35,729,25,14,57,24,166
2021-06-04T05:00:00Z,18,11,27,418,16,13,34,28,148
2021-06-04T06:00:00Z,5,14,37,230,19,7,27,23,77
2021-06-04T07:00:00Z,11,13,36,570,18,10,42,47,161
2021-06-04T08:00:00Z,14,31,28,953,27,24,49,46,166
2021-06-04T09:00:00Z,15,17,26,1328,22,12,78,43,168
2021-06-04T10:00:00Z,23,32,19,1491,23,17,80,29,144
2021-06-04T11:00:00Z,16,19,31,1366,32,9,69,31,145
2021-06-04T12:00:00Z,23,24,30,1396,31,8,84,26,154
2021-06-04T13:00:00Z,13,10,18,539,31,8,21,34,56
2021-06-04T14:00:00Z,25,30,20,1067,27,11,37,40,96
2021-06-04T15:00:00Z,47,33,31,1122,33,5,31,27,78
2021-06-04T16:00:00Z,16,15,13,526,18,1,24,15,45
2021-06-04T17:00:00Z,46,31,15,979,49,12,39,31,61
2021-06-04T18:00:00Z,74,48,37,806,48,8,38,39,76
2021-06-04T19:00:00Z,36,24,8,569,34,4,22,44,57
2021-06-04T20:00:00Z,20,9,6,340,30,7,11,25,30
2021-06-04T21:00:00Z,46,41,28,880,50,6,40,22,64
2021-06-04T22:00:00Z,49,37,16,700,38,6,42,27,77
2021-06-04T23:00:00Z,27,33,13,307,26,14,16,12,35
2021-06-05T00:00:00Z,36,38,16,808,49,6,30,32,103
2021-06-05T01:00:00Z,22,32,8,700,28,13,34,33,109
2021-06-05T02:00:00Z,20,28,9,596,32,10,45,54,97
2021-06-05T03:00:00Z,18,19,23,530,39,15,37,41,128
2021-06-05T04:00:00Z,15,27,26,554,24,7,16,37,111
2021-06-05T05:00:00Z,29,26,14,612,27,11,35,37,138
2021-06-05T06:00:00Z,19,33,15,652,37,4,22,32,124
2021-06-05T07:00:00Z,5,13,8,289,11,5,9,21,29
2021-06-05T08:00:00Z,24,34,15,1182,33,11,38,37,84
2021-06-05T09:00:00Z,14,23,17,1711,25,12,59,35,79
2021-06-05T10:00:00Z,23,28,12,1289,29,4,45,35,59
2021-06-05T11:00:00Z,9,22,1,522,23,1,20,13,35
2021-06-05T12:00:00Z,18,24,17,380,25,4,41,21,48
2021-06-05T13:00:00Z,38,29,17,423,35,3,37,30,60
2021-06-05T14:00:00Z,35,27,19,493,24,3,25,32,52
2021-06-05T15:00:00Z,12,12,7,220,9,5,14,14,27
2021-06-05T16:00:00Z,41,34,22,431,27,2,33,43,70
2021-06-05T17:00:00Z,38,29,13,530,29,5,19,43,113
2021-06-05T18:00:00Z,54,34,8,406,53,7,26,52,151
2021-06-05T19:00:00Z,25,7,5,182,19,4,14,21,87
2021-06-05T20:00:00Z,39,33,17,368,44,3,25,58,191
2021-06-05T21:00:00Z,38,20,13,333,35,10,27,40,187
2021-06-05T22:00:00Z,39,33,17,452,36,10,26,43,178
2021-06-05T23:00:00Z,14,15,9,200,13,3,13,23,142
2021-06-06T00:00:00Z,17,28,14,395,32,8,34,35,301
2021-06-06T01:00:00Z,26,33,10,425,31,9,36,36,335
2021-06-06T02:00:00Z,19,33,8,526,33,15,31,37,343
2021-06-06T03:00:00Z,15,13,6,341,25,5,16,13,214
2021-06-06T04:00:00Z,26,32,10,433,30,8,38,42,408
2021-06-06T05:00:00Z,48,30,9,424,25,8,28,46,362
2021-06-06T06:00:00Z,32,35,9,525,22,15,26,46,251
2021-06-06T07:00:00Z,38,22,18,608,25,13,34,34,125
2021-06-06T08:00:00Z,16,30,16,594,25,7,29,27,120
2021-06-06T09:00:00Z,35,33,13,1680,38,11,68,19,150
2021-06-06T10:00:00Z,26,33,12,1371,36,12,62,34,155
2021-06-06T11:00:00Z,30,36,10,1013,38,9,47,56,126
2021-06-06T12:00:00Z,24,18,17,620,12,8,33,25,97
2021-06-06T13:00:00Z,18,26,10,237,17,5,23,16,61
2021-06-06T14:00:00Z,22,29,16,476,23,4,19,29,110
2021-06-06T15:00:00Z,35,32,20,429,40,1,23,24,89
2021-06-06T16:00:00Z,29,34,15,519,18,4,22,25,70
2021-06-06T17:00:00Z,39,36,14,435,34,6,18,33,64
2021-06-06T18:00:00Z,28,27,17,427,26,6,28,29,56
2021-06-06T19:00:00Z,18,20,12,125,12,3,15,20,38
2021-06-06T20:00:00Z,26,39,11,331,35,6,22,44,87
2021-06-06T21:00:00Z,57,33,20,532,53,9,15,28,149
2021-06-06T22:00:00Z,39,35,13,792,51,18,43,69,197
2021-06-06T23:00:00Z,38,35,13,588,35,8,30,51,166
2021-06-07T00:00:00Z,22,21,4,291,17,4,13,18,89
2021-06-07T01:00:00Z,31,33,16,496,24,15,32,48,206
2021-06-07T02:00:00Z,21,36,12,1003,29,12,49,35,246
2021-06-07T03:00:00Z,32,37,13,993,30,13,35,45,212
2021-06-07T04:00:00Z,10,17,8,234,14,4,21,22,143
2021-06-07T05:00:00Z,23,52,21,566,25,4,35,28,229
2021-06-07T06:00:00Z,16,52,23,485,30,3,24,28,233
2021-06-07T07:00:00Z,26,71,22,748,28,6,20,29,176
2021-06-07T08:00:00Z,11,94,9,674,28,6,21,19,213
2021-06-07T09:00:00Z,30,93,22,1443,33,9,37,24,202
2021-06-07T10:00:00Z,22,59,18,2733,37,12,77,49,214
2021-06-07T11:00:00Z,25,51,8,2021,36,19,65,25,142
2021-06-07T12:00:00Z,34,55,17,1885,40,10,59,41,177
2021-06-07T13:00:00Z,48,55,12,1323,44,9,57,38,163
2021-06-07T14:00:00Z,62,94,20,1172,56,7,64,28,186
2021-06-07T15:00:00Z,35,97,12,1161,32,9,50,29,150
2021-06-07T16:00:00Z,41,110,19,1090,32,5,35,22,199
2021-06-07T17:00:00Z,23,86,9,711,14,2,26,19,109
2021-06-07T18:00:00Z,31,120,10,784,29,1,25,21,134
2021-06-07T19:00:00Z,48,140,13,487,40,8,34,24,106
2021-06-07T20:00:00Z,48,157,18,543,45,11,13,31,101
2021-06-07T21:00:00Z,31,126,17,514,35,7,20,35,91
2021-06-07T22:00:00Z,48,131,17,1693,61,10,53,39,131
2021-06-07T23:00:00Z,54,138,18,1251,43,13,43,23,153
2021-06-08T00:00:00Z,24,117,14,1452,29,9,42,22,144
2021-06-08T01:00:00Z,39,83,8,936,45,12,56,41,191
2021-06-08T02:00:00Z,19,71,15,1333,32,17,51,24,138
2021-06-08T03:00:00Z,43,108,14,2017,56,12,50,38,200
2021-06-08T04:00:00Z,24,73,18,1682,38,14,77,20,158
2021-06-08T05:00:00Z,8,76,15,1508,28,5,107,11,164
2021-06-08T06:00:00Z,31,118,24,2635,44,11,61,25,181
2021-06-08T07:00:00Z,21,90,14,2883,25,7,52,23,168
2021-06-08T08:00:00Z,10,74,12,2094,16,8,37,24,198
2021-06-08T09:00:00Z,56,92,14,2250,91,16,72,52,157
2021-06-08T10:00:00Z,44,43,32,5040,59,10,107,27,193
2021-06-08T11:00:00Z,60,48,18,4063,37,9,88,33,135
2021-06-08T12:00:00Z,43,42,21,4337,42,7,106,30,105
2021-06-08T13:00:00Z,29,48,27,3778,67,17,122,43,131
2021-06-08T14:00:00Z,28,60,24,2764,42,11,80,14,88
2021-06-08T15:00:00Z,26,18,17,1225,18,3,42,13,35
2021-06-08T16:00:00Z,49,52,29,2226,50,5,64,22,90
2021-06-08T17:00:00Z,27,44,21,2022,35,7,63,27,59
2021-06-08T18:00:00Z,37,35,16,1768,28,6,55,47,88
2021-06-08T19:00:00Z,54,35,20,1440,39,6,51,39,59
2021-06-08T20:00:00Z,53,55,27,1680,61,6,59,30,70
2021-06-08T21:00:00Z,35,29,25,1800,50,9,76,47,70
2021-06-08T22:00:00Z,12,18,18,649,12,9,38,18,31
2021-06-08T23:00:00Z,29,33,18,3156,49,11,68,36,107
2021-06-09T00:00:00Z,21,36,16,2215,44,10,75,37,69
2021-06-09T01:00:00Z,21,49,18,1641,32,12,74,44,79
2021-06-09T02:00:00Z,22,27,25,916,35,16,96,35,83
2021-06-09T03:00:00Z,10,25,19,1572,32,15,85,41,74
2021-06-09T04:00:00Z,11,23,28,1927,35,9,149,27,100
2021-06-09T05:00:00Z,10,25,31,1965,42,11,125,27,114
2021-06-09T06:00:00Z,50,68,22,4122,64,16,95,46,174
2021-06-09T07:00:00Z,34,32,19,4774,44,10,85,37,146
2021-06-09T08:00:00Z,11,13,8,2126,20,7,28,23,77
2021-06-09T09:00:00Z,31,29,20,2859,46,9,86,35,102
2021-06-09T10:00:00Z,21,45,21,3585,28,12,87,32,116
2021-06-09T11:00:00Z,35,46,48,6731,48,17,126,30,193
2021-06-09T12:00:00Z,30,22,33,3838,47,17,107,45,120
2021-06-09T13:00:00Z,37,51,32,3981,41,8,106,44,95
2021-06-09T14:00:00Z,31,64,41,3232,49,13,99,30,105
2021-06-09T15:00:00Z,39,54,28,2944,49,2,104,35,90
2021-06-09T16:00:00Z,34,37,21,1158,16,5,37,13,50
2021-06-09T17:00:00Z,57,59,34,1961,50,8,61,35,90
2021-06-09T18:00:00Z,37,45,23,1958,50,8,47,38,122
2021-06-09T19:00:00Z,47,27,30,1835,51,9,74,35,79
2021-06-09T20:00:00Z,34,49,31,1704,45,11,79,21,53
2021-06-09T21:00:00Z,11,14,19,473,14,7,22,19,24
2021-06-09T22:00:00Z,19,34,34,1152,32,9,70,21,53
2021-06-09T23:00:00Z,42,63,34,2394,60,14,90,48,101
2021-06-10T00:00:00Z,14,31,26,2312,31,12,76,44,99
2021-06-10T01:00:00Z,9,18,8,1209,20,4,52,17,52
2021-06-10T02:00:00Z,15,32,29,1234,23,13,97,34,74
2021-06-10T03:00:00Z,19,43,16,1621,24,15,77,22,81
2021-06-10T04:00:00Z,25,38,27,2349,48,4,48,47,99
2021-06-10T05:00:00Z,8,26,45,1584,31,12,121,37,92
2021-06-10T06:00:00Z,27,32,44,2123,35,11,87,29,101
2021-06-10T07:00:00Z,41,45,45,2593,62,23,94,59,133
2021-06-10T08:00:00Z,25,45,52,2532,47,18,103,39,139
2021-06-10T09:00:00Z,23,42,19,1858,34,11,52,36,71
2021-06-10T10:00:00Z,10,16,29,928,24,12,47,20,45
2021-06-10T11:00:00Z,50,40,68,3370,58,7,113,26,129
2021-06-10T12:00:00Z,13,25,45,3823,25,9,154,27,115
2021-06-10T13:00:00Z,39,42,33,2936,35,7,113,45,91
2021-06-10T14:00:00Z,29,48,47,2602,27,2,98,28,86
2021-06-10T15:00:00Z,24,29,50,2292,25,6,85,23,91
2021-06-10T16:00:00Z,48,24,35,2342,35,3,73,37,85
2021-06-10T17:00:00Z,44,57,36,2189,38,8,61,31,86
2021-06-10T18:00:00Z,39,57,42,1846,42,6,56,44,91
2021-06-10T19:00:00Z,42,42,34,1476,58,15,52,27,60
2021-06-10T20:00:00Z,24,21,21,718,27,5,30,16,31
2021-06-10T21:00:00Z,24,24,26,1647,28,11,55,37,67
2021-06-10T22:00:00Z,35,25,24,2001,30,19,61,32,81
2021-06-10T23:00:00Z,68,62,35,2128,39,12,44,22,124
2021-06-11T00:00:00Z,19,22,24,2748,57,20,81,64,121
2021-06-11T01:00:00Z,46,45,28,1940,29,18,55,44,104
2021-06-11T02:00:00Z,8,23,17,632,20,6,62,10,49
2021-06-11T03:00:00Z,37,42,40,1899,40,17,93,31,104
2021-06-11T04:00:00Z,44,45,24,2027,48,6,122,33,98
2021-06-11T05:00:00Z,27,51,31,2151,38,15,63,44,124
2021-06-11T06:00:00Z,17,14,32,679,17,8,89,27,58
2021-06-11T07:00:00Z,20,30,48,2057,42,15,125,66,119
2021-06-11T08:00:00Z,42,49,60,2360,44,22,123,52,154
2021-06-11T09:00:00Z,27,35,37,1974,25,18,108,34,102
2021-06-11T10:00:00Z,53,55,47,1528,52,20,100,46,76
2021-06-11T11:00:00Z,34,19,13,878,26,5,44,19,31
2021-06-11T12:00:00Z,40,67,62,3147,56,9,121,35,140
2021-06-11T13:00:00Z,36,33,45,2494,48,6,97,35,86
2021-06-11T14:00:00Z,35,48,53,1720,39,7,126,36,84
2021-06-11T15:00:00Z,54,56,50,1547,48,10,88,41,78
2021-06-11T16:00:00Z,36,51,69,1916,50,13,91,38,117
2021-06-11T17:00:00Z,47,48,60,3035,49,13,117,46,193
2021-06-11T18:00:00Z,48,68,54,3530,52,15,110,44,134
2021-06-11T19:00:00Z,38,34,29,2050,50,11,77,49,99
2021-06-11T20:00:00Z,20,50,50,2188,46,12,68,48,96
2021-06-11T21:00:00Z,62,74,35,1854,54,14,57,56,150
2021-06-11T22:00:00Z,40,37,46,2023,43,11,78,39,98
2021-06-11T23:00:00Z,25,31,32,1647,27,11,60,36,86
2021-06-12T00:00:00Z,9,17,21,1059,20,7,58,39,69
2021-06-12T01:00:00Z,28,37,31,1974,49,17,83,64,162
2021-06-12T02:00:00Z,21,29,34,1472,34,13,82,48,136
2021-06-12T03:00:00Z,24,40,47,1936,41,14,98,35,139
2021-06-12T04:00:00Z,25,50,56,1528,37,16,109,30,114
2021-06-12T05:00:00Z,27,64,42,2754,44,10,119,22,181
2021-06-12T06:00:00Z,33,59,57,3574,50,14,123,53,227
2021-06-12T07:00:00Z,16,28,61,3100,38,12,169,45,192
2021-06-12T08:00:00Z,31,37,72,3192,38,16,161,41,190
2021-06-12T09:00:00Z,67,60,82,3863,56,14,171,21,223
2021-06-12T10:00:00Z,51,37,52,3589,45,8,123,40,155
2021-06-12T11:00:00Z,53,61,73,2181,48,16,95,49,107
2021-06-12T12:00:00Z,54,55,69,1771,53,14,71,22,117
2021-06-12T13:00:00Z,45,59,89,3319,57,23,117,44,169
2021-06-12T14:00:00Z,43,44,91,1717,37,9,74,40,129
2021-06-12T15:00:00Z,39,45,75,691,37,6,65,43,130
2021-06-12T16:00:00Z,52,58,80,1848,49,10,100,59,181
2021-06-12T17:00:00Z,80,68,54,1644,58,8,50,34,151
2021-06-12T18:00:00Z,36,61,42,1561,42,12,52,46,121
2021-06-12T19:00:00Z,34,39,37,1471,53,13,67,46,108
2021-06-12T20:00:00Z,24,42,44,1819,30,6,97,27,119
2021-06-12T21:00:00Z,24,39,54,1936,38,9,82,35,107
2021-06-12T22:00:00Z,31,37,48,1564,32,7,60,31,84
2021-06-12T23:00:00Z,6,15,24,820,12,5,35,8,48
2021-06-13T00:00:00Z,40,37,52,1929,57,11,63,32,143
2021-06-13T01:00:00Z,18,41,61,2185,44,14,113,51,204
2021-06-13T02:00:00Z,24,40,32,1521,36,14,41,34,183
2021-06-13T03:00:00Z,15,61,82,847,30,14,123,38,199
2021-06-13T04:00:00Z,9,20,37,930,20,2,53,14,121
2021-06-13T05:00:00Z,31,48,74,1688,43,13,84,42,235
2021-06-13T06:00:00Z,23,46,80,2618,27,8,174,38,260
2021-06-13T07:00:00Z,17,29,87,2126,26,15,149,43,293
2021-06-13T08:00:00Z,42,34,93,3233,41,24,124,38,226
2021-06-13T09:00:00Z,46,55,96,4481,45,16,111,36,307
2021-06-13T10:00:00Z,34,55,84,3480,39,7,97,33,256
2021-06-13T11:00:00Z,32,34,67,3082,36,12,82,35,169
2021-06-13T12:00:00Z,44,46,67,3121,38,16,107,47,186
2021-06-13T13:00:00Z,90,58,74,2774,67,17,91,31,157
2021-06-13T14:00:00Z,48,52,64,2924,47,17,90,58,160
2021-06-13T15:00:00Z,35,33,59,2549,39,12,117,44,112
2021-06-13T16:00:00Z,33,37,92,3022,32,11,130,55,136
2021-06-13T17:00:00Z,34,54,50,2935,58,11,119,87,180
2021-06-13T18:00:00Z,19,38,83,3261,31,10,121,44,165
2021-06-13T19:00:00Z,24,54,80,1871,33,13,97,38,112
2021-06-13T20:00:00Z,18,36,73,1896,35,13,95,54,145
2021-06-13T21:00:00Z,53,70,71,2907,46,12,92,40,136
2021-06-13T22:00:00Z,30,35,67,2681,28,12,109,41,104
2021-06-13T23:00:00Z,12,31,65,2189,33,16,101,47,170
2021-06-14T00:00:00Z,23,38,74,1465,35,10,55,39,128
2021-06-14T01:00:00Z,44,71,62,4051,56,13,112,33,226
2021-06-14T02:00:00Z,30,37,73,3262,31,19,100,49,169
2021-06-14T03:00:00Z,23,38,63,3423,42,14,124,31,227
2021-06-14T04:00:00Z,20,47,109,1780,29,11,118,55,216
2021-06-14T05:00:00Z,31,55,95,2562,55,22,159,73,271
2021-06-14T06:00:00Z,24,43,82,4641,53,12,137,37,380
2021-06-14T07:00:00Z,27,52,69,7057,46,16,120,40,476
2021-06-14T08:00:00Z,42,64,70,5534,61,26,113,48,453
2021-06-14T09:00:00Z,39,48,78,4435,40,16,129,30,434
2021-06-14T10:00:00Z,49,46,87,3788,52,14,105,37,268
2021-06-14T11:00:00Z,59,46,57,3358,53,12,102,35,233
2021-06-14T12:00:00Z,31,45,78,3104,49,8,85,22,216
2021-06-14T13:00:00Z,38,24,89,2157,48,11,59,33,165
2021-06-14T14:00:00Z,30,33,57,2246,48,11,86,35,180
2021-06-14T15:00:00Z,27,12,64,2032,25,4,85,25,75
2021-06-14T16:00:00Z,32,49,68,3459,42,9,90,61,217
2021-06-14T17:00:00Z,46,82,99,3520,44,17,119,62,230
2021-06-14T18:00:00Z,26,66,72,3245,42,7,143,52,211
2021-06-14T19:00:00Z,41,44,67,2662,54,9,97,64,154
2021-06-14T20:00:00Z,13,59,85,1952,46,5,87,43,154
2021-06-14T21:00:00Z,26,36,80,2504,44,17,99,45,132
2021-06-14T22:00:00Z,25,77,50,4612,52,15,101,42,218
2021-06-14T23:00:00Z,26,60,50,4840,43,11,86,29,214
2021-06-15T00:00:00Z,21,25,34,3194,30,4,75,29,164
2021-06-15T01:00:00Z,27,41,53,2468,46,7,88,23,207
2021-06-15T02:00:00Z,65,56,87,5505,71,17,129,39,295
2021-06-15T03:00:00Z,20,43,81,5096,25,15,106,44,301
2021-06-15T04:00:00Z,17,29,52,3630,35,13,84,38,335
2021-06-15T05:00:00Z,17,34,32,2785,23,8,84,42,332
2021-06-15T06:00:00Z,20,33,80,1997,34,18,133,61,363
2021-06-15T07:00:00Z,11,30,102,2756,50,30,110,72,388
2021-06-15T08:00:00Z,19,22,124,2954,31,11,138,47,393
2021-06-15T09:00:00Z,13,23,101,3049,27,17,138,42,323
2021-06-15T10:00:00Z,22,28,132,3801,25,13,164,39,331
2021-06-15T11:00:00Z,19,28,97,2725,24,8,114,31,325
2021-06-15T12:00:00Z,29,29,145,2460,23,10,127,39,246
2021-06-15T13:00:00Z,20,17,115,1855,47,12,90,52,104
2021-06-15T14:00:00Z,27,25,102,2281,35,8,90,40,110
2021-06-15T15:00:00Z,25,64,113,6184,56,15,197,69,248
2021-06-15T16:00:00Z,25,37,87,5454,36,10,158,29,167
2021-06-15T17:00:00Z,32,44,90,3903,43,8,120,51,176
2021-06-15T18:00:00Z,31,52,70,2975,45,5,87,52,132
2021-06-15T19:00:00Z,29,30,65,2313,48,9,97,61,88
2021-06-15T20:00:00Z,31,40,70,1878,47,7,81,57,100
2021-06-15T21:00:00Z,23,28,79,1964,50,12,100,53,86
2021-06-15T22:00:00Z,7,15,52,1501,20,9,85,29,60
2021-06-15T23:00:00Z,14,34,108,2953,36,17,136,37,105
2021-06-16T00:00:00Z,15,21,74,2065,33,8,102,41,69
2021-06-16T01:00:00Z,21,28,99,2386,31,11,116,38,124
2021-06-16T02:00:00Z,27,27,79,2298,39,13,104,34,114
2021-06-16T03:00:00Z,13,18,35,2700,20,6,68,23,93
2021-06-16T04:00:00Z,37,30,63,3546,37,15,115,53,143
2021-06-16T05:00:00Z,25,32,112,3495,46,10,169,59,165
2021-06-16T06:00:00Z,19,42,113,4160,55,27,183,61,199
2021-06-16T07:00:00Z,32,45,130,4324,43,31,169,56,222
2021-06-16T08:00:00Z,58,82,114,4664,74,39,178,72,253
2021-06-16T09:00:00Z,55,50,112,3921,58,27,147,78,176
2021-06-16T10:00:00Z,61,53,99,4585,76,24,165,78,206
2021-06-16T11:00:00Z,45,54,94,4969,63,16,160,70,187
2021-06-16T12:00:00Z,46,48,126,4048,49,8,138,53,143
2021-06-16T13:00:00Z,67,57,107,2474,82,20,122,74,138
2021-06-16T14:00:00Z,112,66,80,2786,144,57,118,112,305
2021-06-16T15:00:00Z,91,75,113,5344,83,25,146,85,251
2021-06-16T16:00:00Z,56,61,148,7328,108,31,207,120,343
2021-06-16T17:00:00Z,160,77,133,4996,225,167,151,255,648
2021-06-16T18:00:00Z,150,72,78,4168,183,80,129,185,371
2021-06-16T19:00:00Z,178,84,87,3192,258,123,123,166,441
2021-06-16T20:00:00Z,174,128,114,4472,197,93,146,203,419
2021-06-16T21:00:00Z,122,93,109,4688,129,36,153,96,240
2021-06-16T22:00:00Z,113,144,104,3648,123,34,113,82,283
2021-06-16T23:00:00Z,88,71,79,3836,107,30,114,120,262
2021-06-17T00:00:00Z,75,97,86,3644,77,32,94,88,306
2021-06-17T01:00:00Z,75,79,77,4059,75,8,88,47,211
2021-06-17T02:00:00Z,90,95,91,4775,71,25,128,63,226
2021-06-17T03:00:00Z,100,89,82,4027,114,27,92,112,324
2021-06-17T04:00:00Z,48,83,174,6215,56,17,171,76,307
2021-06-17T05:00:00Z,78,82,116,5256,68,39,160,91,288
2021-06-17T06:00:00Z,109,112,103,6185,93,25,176,117,335
2021-06-17T07:00:00Z,100,112,146,8682,122,30,230,83,427
2021-06-17T08:00:00Z,64,106,173,10051,64,24,256,67,380
2021-06-17T09:00:00Z,91,98,164,9930,81,20,216,46,389
2021-06-17T10:00:00Z,65,89,214,7371,66,16,247,47,329
2021-06-17T11:00:00Z,45,82,222,6602,61,14,241,63,250
2021-06-17T12:00:00Z,46,55,209,6449,58,9,227,56,265
2021-06-17T13:00:00Z,64,84,203,6961,60,16,248,49,289
2021-06-17T14:00:00Z,87,81,164,6474,77,12,175,80,269
2021-06-17T15:00:00Z,57,78,152,5761,56,15,152,43,247
2021-06-17T16:00:00Z,50,65,128,6375,58,17,176,50,313
2021-06-17T17:00:00Z,44,68,201,9171,65,27,266,72,394
2021-06-17T18:00:00Z,51,48,148,7810,55,12,219,76,382
2021-06-17T19:00:00Z,40,44,147,5237,78,14,180,72,258
2021-06-17T20:00:00Z,36,71,159,6571,93,17,206,67,287
2021-06-17T21:00:00Z,45,80,144,7004,80,23,239,79,329
2021-06-17T22:00:00Z,38,71,129,6912,48,16,234,65,272
2021-06-17T23:00:00Z,39,88,104,6997,59,18,197,71,342
2021-06-18T00:00:00Z,18,35,104,6518,53,23,185,66,295
2021-06-18T01:00:00Z,22,42,104,6613,33,17,196,69,324
2021-06-18T02:00:00Z,20,46,134,6971,49,12,184,77,322
2021-06-18T03:00:00Z,37,56,107,6886,46,10,147,62,334
2021-06-18T04:00:00Z,38,63,122,6833,66,10,167,57,313
2021-06-18T05:00:00Z,35,52,118,7352,52,19,170,45,360
2021-06-18T06:00:00Z,40,70,165,8972,101,23,279,58,432
2021-06-18T07:00:00Z,28,60,188,9848,68,37,311,81,510
2021-06-18T08:00:00Z,41,94,223,14758,65,18,327,71,692
2021-06-18T09:00:00Z,36,120,197,15724,69,18,262,54,699
2021-06-18T10:00:00Z,39,86,228,16304,72,32,320,69,644
2021-06-18T11:00:00Z,22,98,211,13442,55,21,282,51,543
2021-06-18T12:00:00Z,36,101,245,6667,49,15,242,48,340
2021-06-18T13:00:00Z,25,93,253,4366,45,6,164,44,281
2021-06-18T14:00:00Z,42,85,203,7135,81,23,226,49,322
2021-06-18T15:00:00Z,59,97,220,6105,68,32,220,73,260
2021-06-18T16:00:00Z,52,90,205,6527,78,23,244,63,348
2021-06-18T17:00:00Z,74,108,236,7893,70,15,218,49,341
2021-06-18T18:00:00Z,62,74,156,6099,68,20,224,91,282
2021-06-18T19:00:00Z,26,58,149,6101,73,19,209,84,275
2021-06-18T20:00:00Z,31,71,127,4814,57,21,169,67,258
2021-06-18T21:00:00Z,31,48,153,5146,55,14,207,70,249
2021-06-18T22:00:00Z,42,83,176,6903,77,23,201,98,332
2021-06-18T23:00:00Z,38,92,154,6179,63,31,199,70,290
2021-06-19T00:00:00Z,36,78,128,7517,55,31,286,76,358
2021-06-19T01:00:00Z,38,62,137,8094,68,27,187,65,362
2021-06-19T02:00:00Z,30,38,115,7197,43,30,191,77,422
2021-06-19T03:00:00Z,20,49,149,6125,50,17,175,72,390
2021-06-19T04:00:00Z,17,33,111,7583,30,19,240,62,449
2021-06-19T05:00:00Z,20,49,143,6917,56,23,203,67,467
2021-06-19T06:00:00Z,19,43,116,6555,39,23,193,66,505
2021-06-19T07:00:00Z,42,75,162,15811,66,34,263,66,768
2021-06-19T08:00:00Z,30,58,154,11788,52,33,285,77,630
2021-06-19T09:00:00Z,24,60,197,11387,58,47,251,99,718
2021-06-19T10:00:00Z,34,86,208,9517,88,46,247,120,690
2021-06-19T11:00:00Z,55,102,192,10055,67,19,293,74,638
2021-06-19T12:00:00Z,47,87,175,9447,52,20,195,72,573
2021-06-19T13:00:00Z,18,84,193,9626,46,14,200,47,540
2021-06-19T14:00:00Z,33,78,182,7742,37,8,229,60,547
2021-06-19T15:00:00Z,33,90,178,7085,40,16,161,60,524
2021-06-19T16:00:00Z,35,88,180,6588,43,13,179,68,542
2021-06-19T17:00:00Z,43,84,194,7069,44,15,147,74,531
2021-06-19T18:00:00Z,42,79,162,5886,53,17,146,67,465
2021-06-19T19:00:00Z,39,81,136,4719,70,13,120,76,492
2021-06-19T20:00:00Z,36,74,188,8703,84,27,221,99,508
2021-06-19T21:00:00Z,36,71,166,6656,74,23,196,68,576
2021-06-19T22:00:00Z,34,82,141,5255,48,15,156,71,580
2021-06-19T23:00:00Z,22,76,92,5098,48,20,153,81,621
2021-06-20T00:00:00Z,20,67,131,5732,50,19,174,78,728
2021-06-20T01:00:00Z,16,83,209,4494,39,28,181,70,764
2021-06-20T02:00:00Z,16,87,242,3965,47,28,200,82,754
2021-06-20T03:00:00Z,16,106,184,5065,44,31,160,70,832
2021-06-20T04:00:00Z,21,50,172,5032,49,27,156,54,717
2021-06-20T05:00:00Z,20,54,100,4973,55,12,159,69,675
2021-06-20T06:00:00Z,15,57,156,4850,49,28,171,78,695
2021-06-20T07:00:00Z,38,67,156,6517,67,17,177,66,795
2021-06-20T08:00:00Z,54,100,195,13372,66,44,256,78,955
2021-06-20T09:00:00Z,92,104,154,9263,86,25,235,72,811
2021-06-20T10:00:00Z,60,94,136,9761,86,26,202,84,867
2021-06-20T11:00:00Z,32,76,188,9113,52,28,211,69,925
2021-06-20T12:00:00Z,46,104,182,10449,37,18,247,77,1005
2021-06-20T13:00:00Z,26,101,191,8376,39,20,213,72,843
2021-06-20T14:00:00Z,31,76,255,9984,35,24,235,67,836
2021-06-20T15:00:00Z,31,61,149,8162,40,22,156,69,670
2021-06-20T16:00:00Z,25,61,134,5339,41,17,122,56,593
2021-06-20T17:00:00Z,34,78,129,4920,33,16,98,70,488
2021-06-20T18:00:00Z,33,59,95,5836,62,26,128,86,539
2021-06-20T19:00:00Z,26,39,122,5354,46,11,111,69,606
2021-06-20T20:00:00Z,43,93,148,7079,65,16,120,60,615
2021-06-20T21:00:00Z,32,69,127,6768,65,32,170,87,657
2021-06-20T22:00:00Z,26,57,130,7455,67,23,193,72,706
2021-06-20T23:00:00Z,23,83,175,5366,54,26,165,87,821
2021-06-21T00:00:00Z,25,99,150,8588,48,26,225,89,860
2021-06-21T01:00:00Z,32,107,121,11888,65,22,163,75,880
2021-06-21T02:00:00Z,32,67,77,12915,62,28,145,50,935
2021-06-21T03:00:00Z,15,64,184,4156,41,28,231,85,818
2021-06-21T04:00:00Z,23,54,181,4917,43,20,163,61,787
2021-06-21T05:00:00Z,24,81,112,7624,48,21,101,54,643
2021-06-21T06:00:00Z,14,47,159,5889,41,11,117,63,743
2021-06-21T07:00:00Z,12,51,123,7902,40,19,133,60,663
2021-06-21T08:00:00Z,68,76,135,10270,72,26,159,70,880
2021-06-21T09:00:00Z,33,85,145,16571,77,31,267,75,1187
2021-06-21T10:00:00Z,39,70,152,12785,59,14,149,89,1117
2021-06-21T11:00:00Z,12,42,185,14312,35,13,160,40,433
2021-06-21T12:00:00Z,11,64,225,15104,44,10,228,52,397
2021-06-21T13:00:00Z,12,54,253,7064,36,7,160,31,203
2021-06-21T14:00:00Z,10,32,234,7837,32,12,168,36,187
2021-06-21T15:00:00Z,10,42,238,8609,36,7,191,52,274
2021-06-21T16:00:00Z,11,44,269,8087,33,15,149,47,235
2021-06-21T17:00:00Z,14,43,149,7411,33,10,103,30,216
2021-06-21T18:00:00Z,19,46,127,8908,41,11,99,40,261
2021-06-21T19:00:00Z,13,36,108,4692,33,13,83,41,65
2021-06-21T20:00:00Z,12,54,108,6145,49,12,91,59,109
2021-06-21T21:00:00Z,20,76,168,10729,77,35,203,89,193
2021-06-21T22:00:00Z,30,61,108,7527,71,26,133,71,166
2021-06-21T23:00:00Z,22,55,128,4956,62,22,93,84,135
2021-06-22T00:00:00Z,21,72,156,5371,50,13,195,74,191
2021-06-22T01:00:00Z,22,50,109,5151,43,17,128,69,177
2021-06-22T02:00:00Z,15,70,76,8030,41,16,133,64,236
2021-06-22T03:00:00Z,10,62,213,4012,49,36,170,61,150
2021-06-22T04:00:00Z,10,41,140,3625,27,8,184,61,155
2021-06-22T05:00:00Z,11,57,131,5110,28,29,139,39,154
2021-06-22T06:00:00Z,22,57,153,5243,30,32,145,61,169
2021-06-22T07:00:00Z,12,33,183,3855,39,19,144,54,156
2021-06-22T08:00:00Z,16,71,172,7854,45,30,171,53,295
2021-06-22T09:00:00Z,17,52,160,17718,31,17,202,45,577
2021-06-22T10:00:00Z,24,82,241,15976,56,42,208,73,423
2021-06-22T11:00:00Z,18,44,282,7279,47,16,209,60,206
2021-06-22T12:00:00Z,12,52,228,10158,52,19,172,60,224
2021-06-22T13:00:00Z,4,31,226,4453,31,5,76,29,90
2021-06-22T14:00:00Z,4,24,317,2303,19,7,107,40,90
2021-06-22T15:00:00Z,6,21,316,2387,22,4,70,39,91
2021-06-22T16:00:00Z,10,26,266,2920,25,12,58,28,78
2021-06-22T17:00:00Z,11,31,241,3540,46,24,87,57,94
2021-06-22T18:00:00Z,7,22,65,2169,32,6,62,20,44
2021-06-22T19:00:00Z,14,26,104,4693,43,18,80,41,89
2021-06-22T20:00:00Z,21,51,136,5583,79,13,101,78,113
2021-06-22T21:00:00Z,15,47,63,5374,60,16,113,32,90
2021-06-22T22:00:00Z,17,65,144,10769,77,30,186,67,193
2021-06-22T23:00:00Z,15,29,125,6078,44,17,116,57,149
2021-06-23T00:00:00Z,27,83,119,5752,66,33,203,85,183
2021-06-23T01:00:00Z,19,51,121,4706,40,14,143,66,182
2021-06-23T02:00:00Z,13,52,84,7912,46,23,154,64,210
2021-06-23T03:00:00Z,6,41,95,5344,37,14,107,53,150
2021-06-23T04:00:00Z,16,41,94,4493,43,17,97,39,98
2021-06-23T05:00:00Z,27,49,101,7410,47,24,102,47,186
2021-06-23T06:00:00Z,27,65,122,14475,71,31,125,39,378
2021-06-23T07:00:00Z,21,76,86,17219,69,32,115,50,464
2021-06-23T08:00:00Z,26,49,88,11182,67,40,139,88,365
2021-06-23T09:00:00Z,12,48,129,8062,33,11,112,42,260
2021-06-23T10:00:00Z,23,79,113,22249,66,24,166,26,497
2021-06-23T11:00:00Z,16,45,105,19684,60,19,215,45,364
2021-06-23T12:00:00Z,16,44,95,14989,73,31,139,70,265
2021-06-23T13:00:00Z,11,52,78,14210,86,21,158,64,207
2021-06-23T14:00:00Z,17,42,84,14222,64,6,144,38,255
2021-06-23T15:00:00Z,15,40,77,13757,63,17,120,48,268
2021-06-23T16:00:00Z,27,58,85,13117,67,19,145,68,256
2021-06-23T17:00:00Z,14,46,97,10350,93,22,121,83,163
2021-06-23T18:00:00Z,18,43,61,10022,73,16,94,53,149
2021-06-23T19:00:00Z,16,57,69,7403,113,12,72,78,119
2021-06-23T20:00:00Z,15,33,59,7890,79,16,71,45,94
2021-06-23T21:00:00Z,12,35,43,8141,98,12,87,60,112
2021-06-23T22:00:00Z,33,68,42,14137,93,19,94,43,201
2021-06-23T23:00:00Z,18,63,46,12087,96,25,143,60,179
2021-06-24T00:00:00Z,17,50,66,10960,80,27,133,74,203
2021-06-24T01:00:00Z,15,94,91,6161,78,38,172,87,225
2021-06-24T02:00:00Z,23,73,100,5725,49,34,175,81,213
2021-06-24T03:00:00Z,13,74,79,10572,73,26,203,73,268
2021-06-24T04:00:00Z,12,79,78,17035,78,43,181,67,415
2021-06-24T05:00:00Z,29,91,49,23477,87,35,144,43,477
2021-06-24T06:00:00Z,35,102,67,22180,79,29,166,25,464
2021-06-24T07:00:00Z,66,102,42,19740,87,34,142,47,412
2021-06-24T08:00:00Z,91,101,54,19089,74,19,119,43,470
2021-06-24T09:00:00Z,31,88,48,18630,65,41,151,52,501
2021-06-24T10:00:00Z,18,59,44,16917,48,17,121,33,444
2021-06-24T11:00:00Z,32,92,61,23389,77,25,211,53,732
2021-06-24T12:00:00Z,36,76,72,17403,47,20,175,49,440
2021-06-24T13:00:00Z,15,53,41,13999,66,18,160,52,365
2021-06-24T14:00:00Z,18,79,62,19597,74,19,189,74,492
2021-06-24T15:00:00Z,13,69,67,15807,55,20,151,38,349
2021-06-24T16:00:00Z,16,48,41,9662,45,10,83,37,184
2021-06-24T17:00:00Z,14,61,50,10728,84,12,148,80,198
2021-06-24T18:00:00Z,18,59,58,11708,106,21,144,81,169
2021-06-24T19:00:00Z,23,64,42,12385,177,22,145,67,119
2021-06-24T20:00:00Z,31,65,36,10755,149,17,148,60,113
2021-06-24T21:00:00Z,38,87,49,9330,109,16,128,76,140
2021-06-24T22:00:00Z,29,72,27,11414,86,20,125,65,166
2021-06-24T23:00:00Z,16,75,28,13404,121,44,144,50,255
2021-06-25T00:00:00Z,19,60,24,10785,74,16,135,51,193
2021-06-25T01:00:00Z,26,65,23,9763,61,16,172,71,204
2021-06-25T02:00:00Z,27,124,43,9564,82,22,213,74,234
2021-06-25T03:00:00Z,26,107,22,12008,95,18,199,65,271
2021-06-25T04:00:00Z,36,106,40,14042,95,35,173,64,287
2021-06-25T05:00:00Z,21,86,43,15027,81,39,161,42,281
2021-06-25T06:00:00Z,27,107,40,11910,75,35,290,59,309
2021-06-25T07:00:00Z,32,104,58,14328,63,14,259,49,412
2021-06-25T08:00:00Z,21,100,37,14405,47,15,176,39,496
2021-06-25T09:00:00Z,22,97,35,14084,62,31,181,60,370
2021-06-25T10:00:00Z,24,76,21,13629,60,15,170,59,286
2021-06-25T11:00:00Z,27,82,29,20060,72,23,164,32,321
2021-06-25T12:00:00Z,25,110,30,18177,76,30,216,35,379
2021-06-25T13:00:00Z,24,69,25,12936,58,21,159,55,240
2021-06-25T14:00:00Z,13,57,29,11931,57,9,145,38,208
2021-06-25T15:00:00Z,10,100,19,14793,52,30,186,49,318
2021-06-25T16:00:00Z,19,83,22,15706,72,32,164,46,353
2021-06-25T17:00:00Z,25,54,17,10521,64,25,135,62,176
2021-06-25T18:00:00Z,16,83,16,11027,88,20,144,79,186
2021-06-25T19:00:00Z,14,70,29,9150,88,24,133,68,131
2021-06-25T20:00:00Z,34,92,20,8936,104,25,124,67,128
2021-06-25T21:00:00Z,28,81,15,7116,82,22,89,68,124
2021-06-25T22:00:00Z,18,42,13,6279,35,10,89,62,130
2021-06-25T23:00:00Z,25,62,11,7665,48,24,99,67,152
2021-06-26T00:00:00Z,27,101,19,13109,82,24,130,36,240
2021-06-26T01:00:00Z,29,98,11,12092,63,31,174,70,289
2021-06-26T02:00:00Z,24,83,16,9543,66,14,172,51,204
2021-06-26T03:00:00Z,33,143,21,9574,88,39,229,78,301
2021-06-26T04:00:00Z,27,116,10,17253,68,24,254,71,410
2021-06-26T05:00:00Z,35,155,15,20183,86,34,287,58,458
2021-06-26T06:00:00Z,31,178,17,23287,99,45,230,67,629
2021-06-26T07:00:00Z,41,162,16,22230,94,46,287,54,651
2021-06-26T08:00:00Z,21,157,17,27863,65,23,198,35,844
2021-06-26T09:00:00Z,39,109,16,26715,59,38,232,46,747
2021-06-26T10:00:00Z,18,87,9,20376,60,30,167,50,550
2021-06-26T11:00:00Z,29,87,24,16956,68,20,150,48,362
2021-06-26T12:00:00Z,26,75,11,15314,47,16,193,45,333
2021-06-26T13:00:00Z,40,111,22,20171,66,20,228,42,425
2021-06-26T14:00:00Z,17,63,7,16927,58,15,180,28,316
2021-06-26T15:00:00Z,17,101,12,17763,63,13,165,21,344
2021-06-26T16:00:00Z,17,105,9,15427,50,24,166,48,392
2021-06-26T17:00:00Z,14,93,9,13449,79,15,143,33,192
2021-06-26T18:00:00Z,23,89,13,11167,78,31,133,101,240
2021-06-26T19:00:00Z,21,104,12,10359,107,16,131,80,179
2021-06-26T20:00:00Z,20,88,12,9727,83,38,169,86,190
2021-06-26T21:00:00Z,15,83,9,8802,76,23,114,95,147
2021-06-26T22:00:00Z,12,72,2,10937,68,19,107,53,177
2021-06-26T23:00:00Z,14,68,18,11293,92,14,152,62,245
2021-06-27T00:00:00Z,11,65,11,11306,45,19,104,42,197
2021-06-27T01:00:00Z,32,137,16,15808,86,27,160,66,369
2021-06-27T02:00:00Z,25,120,9,14070,67,35,158,58,340
2021-06-27T03:00:00Z,17,111,13,12532,53,28,202,63,331
2021-06-27T04:00:00Z,37,206,19,13006,86,64,256,116,456
2021-06-27T05:00:00Z,17,138,13,14502,79,44,205,81,489
2021-06-27T06:00:00Z,29,149,13,25518,74,51,155,70,671
2021-06-27T07:00:00Z,39,215,19,29417,85,45,213,54,951
2021-06-27T08:00:00Z,34,198,12,30811,69,40,188,44,970
2021-06-27T09:00:00Z,57,194,19,30007,77,49,194,47,971
2021-06-27T10:00:00Z,100,196,19,25250,121,90,137,46,678
2021-06-27T11:00:00Z,43,124,12,20106,91,68,112,43,448
2021-06-27T12:00:00Z,98,150,33,14983,191,170,167,231,678
2021-06-27T13:00:00Z,58,135,10,17173,71,30,125,53,395
2021-06-27T14:00:00Z,49,160,22,23405,107,62,161,62,741
2021-06-27T15:00:00Z,54,218,14,21302,79,49,191,68,602
2021-06-27T16:00:00Z,57,175,12,20722,96,80,196,106,776
2021-06-27T17:00:00Z,36,193,22,21692,83,65,192,80,674
2021-06-27T18:00:00Z,25,182,19,19252,128,50,189,67,448
2021-06-27T19:00:00Z,21,135,20,11605,125,31,137,74,232
2021-06-27T20:00:00Z,20,140,14,11143,80,27,158,57,238
2021-06-27T21:00:00Z,25,161,12,14915,80,30,168,56,262
2021-06-27T22:00:00Z,17,99,10,12835,74,19,127,56,270
2021-06-27T23:00:00Z,41,122,24,12862,83,28,127,61,283
2021-06-28T00:00:00Z,27,109,13,13018,59,21,148,47,310
2021-06-28T01:00:00Z,25,110,11,12712,61,27,134,41,279
2021-06-28T02:00:00Z,22,181,11,22014,87,47,206,66,539
2021-06-28T03:00:00Z,30,176,26,20178,84,51,205,74,540
2021-06-28T04:00:00Z,32,206,19,9002,60,39,198,80,370
2021-06-28T05:00:00Z,23,173,15,10799,67,39,189,82,420
2021-06-28T06:00:00Z,21,179,8,12947,68,31,218,47,369
2021-06-28T07:00:00Z,21,195,5,21882,69,34,212,47,708
2021-06-28T08:00:00Z,28,191,12,25991,59,36,196,43,914
2021-06-28T09:00:00Z,43,227,19,24578,80,38,271,42,772
2021-06-28T10:00:00Z,24,199,8,25434,65,22,219,39,691
2021-06-28T11:00:00Z,48,199,6,23837,89,30,227,57,634
2021-06-28T12:00:00Z,27,160,11,14377,48,17,184,51,374
2021-06-28T13:00:00Z,30,115,12,15452,62,25,172,46,359
2021-06-28T14:00:00Z,37,178,12,20819,73,16,186,32,524
2021-06-28T15:00:00Z,35,176,18,24405,77,28,253,50,621
2021-06-28T16:00:00Z,17,157,8,22423,70,30,248,39,576
2021-06-28T17:00:00Z,20,175,10,23972,90,34,211,64,599
2021-06-28T18:00:00Z,29,174,14,20427,104,32,202,85,373
2021-06-28T19:00:00Z,29,178,13,19106,157,38,191,50,243
2021-06-28T20:00:00Z,39,203,23,18711,130,29,188,48,281
2021-06-28T21:00:00Z,34,194,7,18993,123,39,175,59,348
2021-06-28T22:00:00Z,30,220,15,21237,121,41,221,65,408
2021-06-28T23:00:00Z,23,188,12,19544,101,43,190,53,434
2021-06-29T00:00:00Z,17,158,9,19416,72,46,214,66,444
2021-06-29T01:00:00Z,15,149,12,19179,65,35,173,53,449
2021-06-29T02:00:00Z,17,150,10,16890,60,32,170,49,423
2021-06-29T03:00:00Z,35,169,7,20377,107,35,223,69,501
2021-06-29T04:00:00Z,16,182,7,16329,55,43,202,60,399
2021-06-29T05:00:00Z,30,242,12,10021,71,52,329,103,382
2021-06-29T06:00:00Z,27,246,15,14699,78,35,320,60,521
2021-06-29T07:00:00Z,43,246,14,17203,64,46,255,38,620
2021-06-29T08:00:00Z,24,236,13,24209,74,39,266,47,837
2021-06-29T09:00:00Z,33,183,10,20534,54,25,246,37,631
2021-06-29T10:00:00Z,28,174,5,20397,55,18,216,29,676
2021-06-29T11:00:00Z,22,157,7,22868,57,20,193,44,797
2021-06-29T12:00:00Z,14,129,5,19840,42,21,208,38,637
2021-06-29T13:00:00Z,11,140,9,14149,36,14,196,42,450
2021-06-29T14:00:00Z,17,132,7,20817,40,19,212,31,648
2021-06-29T15:00:00Z,32,183,8,26485,80,35,310,50,880
2021-06-29T16:00:00Z,13,141,5,24795,59,25,253,50,666
2021-06-29T17:00:00Z,13,104,13,20781,63,14,213,43,499
2021-06-29T18:00:00Z,25,158,11,14035,75,29,196,85,305
2021-06-29T19:00:00Z,21,146,6,15806,128,23,225,63,261
2021-06-29T20:00:00Z,23,160,14,14435,117,37,207,95,378
2021-06-29T21:00:00Z,15,137,10,12768,105,18,222,77,296
2021-06-29T22:00:00Z,6,100,7,9090,77,22,151,78,274
2021-06-29T23:00:00Z,14,109,12,9934,66,34,176,74,270
2021-06-30T00:00:00Z,10,106,7,11134,74,21,154,79,319
2021-06-30T01:00:00Z,11,96,13,8628,46,20,164,65,299
2021-06-30T02:00:00Z,9,90,9,8639,39,26,132,72,303
2021-06-30T03:00:00Z,24,145,8,9908,52,33,178,66,356
2021-06-30T04:00:00Z,12,139,9,12630,51,20,177,34,301
2021-06-30T05:00:00Z,13,91,8,9436,44,13,182,48,288
2021-06-30T06:00:00Z,17,173,10,6136,45,24,289,69,329
2021-06-30T07:00:00Z,12,139,18,6727,37,25,303,57,356
2021-06-30T08:00:00Z,19,121,16,11066,52,33,206,41,374
2021-06-30T09:00:00Z,15,119,7,11796,37,18,182,43,380
2021-06-30T10:00:00Z,11,133,16,9997,36,24,159,43,355
2021-06-30T11:00:00Z,17,92,8,9932,46,18,142,23,238
2021-06-30T12:00:00Z,21,95,5,6246,39,7,184,41,191
2021-06-30T13:00:00Z,15,97,5,6704,22,3,140,24,173
2021-06-30T14:00:00Z,17,82,7,7144,29,9,101,46,146
2021-06-30T15:00:00Z,32,131,8,12595,50,15,174,47,316
2021-06-30T16:00:00Z,25,107,7,17493,54,17,239,39,417
2021-06-30T17:00:00Z,13,106,8,13347,57,15,142,32,224
2021-06-30T18:00:00Z,21,79,12,10612,64,11,143,49,204
2021-06-30T19:00:00Z,10,111,8,8761,75,13,151,50,126
2021-06-30T20:00:00Z,14,115,13,7882,74,19,155,60,136
2021-06-30T21:00:00Z,15,136,8,8670,94,22,230,71,162
2021-06-30T22:00:00Z,6,95,11,8132,67,18,201,74,185
2021-06-30T23:00:00Z,17,81,16,8875,61,26,228,66,246
2021-07-01T00:00:00Z,5,51,4,4575,20,15,93,29,114
